stage,stage1,stage1,stage1,stage1,stage1,stage2,stage2,stage2
metric,accuracy_score,precision_score,recall_score,f1_score,roc_auc_score,r2_score,root_mean_squared_error,median_absolute_error
0,0.6959798994974874,0.7,0.9743589743589743,0.8147013782542113,0.5311794871794872,0.06664251676085409,1.2797467976916368,0.6466231187269349
1,0.6909547738693468,0.7060367454068242,0.9607142857142857,0.8139183055975795,0.5057808716707022,0.15096913050076066,1.2330940735527443,0.7448898526343561
2,0.7304785894206549,0.7619047619047619,0.9442622950819672,0.8433382137628112,0.4830007127583749,0.19317220201349883,1.2942848883872362,0.8580055533765374
3,0.7229219143576826,0.7237851662404092,0.9929824561403509,0.8372781065088757,0.5143483709273183,0.1415124310633794,1.3032496660214967,0.7361079760854844
4,0.6675062972292192,0.6725888324873096,0.9888059701492538,0.8006042296072508,0.4944029850746269,0.32410892883124887,1.238186265626754,0.7183093082580685
