stage,stage1,stage1,stage1,stage1,stage1,stage2,stage2,stage2
metric,accuracy_score,precision_score,recall_score,f1_score,roc_auc_score,r2_score,root_mean_squared_error,median_absolute_error
0,0.6595238095238095,0.6739659367396593,0.9685314685314685,0.7948350071736011,0.48426573426573427,0.22109160022166208,1.2997510446446465,0.8161350797830628
1,0.6285714285714286,0.662125340599455,0.8836363636363637,0.7570093457943925,0.5142319749216301,0.170798434100757,1.4454459253590648,0.8598974513408648
2,0.7357142857142858,0.7475490196078431,0.9744408945686901,0.8460471567267684,0.5059120360693918,0.20759056664195852,1.1500379958345361,0.6782388618594943
3,0.6928571428571428,0.697841726618705,0.9897959183673469,0.8185654008438817,0.49489795918367346,0.2578458735586344,1.185470893492895,0.6742503543615561
4,0.7684964200477327,0.7718446601941747,0.9906542056074766,0.8676671214188267,0.5157352660690444,0.19957359631768434,1.223208199679767,0.7006894865044413
